site_index,site_type,id,composition,site_nrg,energyperatom,predicted_energyperatom
0,tetrels,icsd_070062,Ba C10,-4.7572894,-8.368114166669999,-8.364686012268066
1,tetrels,icsd_070062,Ba C10,-4.75729,-8.368114166669999,-8.364686012268066
2,tetrels,icsd_070062,Ba C10,-4.7572894,-8.368114166669999,-8.364686012268066
3,tetrels,icsd_070062,Ba C10,-4.7572904000000005,-8.368114166669999,-8.364686012268066
4,tetrels,icsd_070062,Ba C10,-4.7572894,-8.368114166669999,-8.364686012268066
5,tetrels,icsd_070062,Ba C10,-4.7572894,-8.368114166669999,-8.364686012268066
0,tetrels,icsd_050159,Ba Ir2 Si2,-3.278401,-5.785493,-5.786511421203612
1,tetrels,icsd_050159,Ba Ir2 Si2,-3.278401,-5.785493,-5.786511421203612
2,tetrels,icsd_050159,Ba Ir2 Si2,-3.278401,-5.785493,-5.786511421203612
3,tetrels,icsd_050159,Ba Ir2 Si2,-3.278401,-5.785493,-5.786511421203612
0,tetrels,icsd_080502,Ba Ge2 Mn2,-3.4280877,-5.491178400000001,-5.481016635894775
0,tetrels,icsd_094262,Ba Si23,-3.3449526,-5.23749316667,-5.247053623199463
1,tetrels,icsd_094262,Ba Si23,-3.3449526,-5.23749316667,-5.247053623199463
0,tetrels,icsd_058661,Ba Mn2 Sn2,-3.548982,-5.2098508,-5.1906023025512695
0,tetrels,icsd_050158,Ba Rh2 Si2,-3.274755,-5.17586675,-5.171464443206787
1,tetrels,icsd_050158,Ba Rh2 Si2,-3.2747555,-5.17586675,-5.171464443206787
2,tetrels,icsd_050158,Ba Rh2 Si2,-3.274755,-5.17586675,-5.171464443206787
3,tetrels,icsd_050158,Ba Rh2 Si2,-3.2747555,-5.17586675,-5.171464443206787
0,tetrels,icsd_094263,Ba3 Si23,-3.4456217,-5.104463980769999,-5.1164164543151855
1,tetrels,icsd_094263,Ba3 Si23,-3.4455955,-5.104463980769999,-5.1164164543151855
2,tetrels,icsd_094263,Ba3 Si23,-3.4457687999999997,-5.104463980769999,-5.1164164543151855
3,tetrels,icsd_094263,Ba3 Si23,-3.445622,-5.104463980769999,-5.1164164543151855
4,tetrels,icsd_094263,Ba3 Si23,-3.4455955,-5.104463980769999,-5.1164164543151855
5,tetrels,icsd_094263,Ba3 Si23,-3.4457690000000003,-5.104463980769999,-5.1164164543151855
0,tetrels,icsd_077143,Ba Ge2 Ru2,-3.0934339,-5.046427400000002,-5.041201114654541
1,tetrels,icsd_077143,Ba Ge2 Ru2,-3.0934339,-5.046427400000002,-5.041201114654541
0,tetrels,icsd_090093,Ba4 Si23,-3.338376,-5.017843277780001,-5.02960729598999
1,tetrels,icsd_090093,Ba4 Si23,-3.342006,-5.017843277780001,-5.02960729598999
2,tetrels,icsd_090093,Ba4 Si23,-3.3968968,-5.017843277780001,-5.02960729598999
3,tetrels,icsd_090093,Ba4 Si23,-3.3968992,-5.017843277780001,-5.02960729598999
4,tetrels,icsd_090093,Ba4 Si23,-3.396928,-5.017843277780001,-5.02960729598999
5,tetrels,icsd_090093,Ba4 Si23,-3.396897,-5.017843277780001,-5.02960729598999
6,tetrels,icsd_090093,Ba4 Si23,-3.3968992,-5.017843277780001,-5.02960729598999
7,tetrels,icsd_090093,Ba4 Si23,-3.396928,-5.017843277780001,-5.02960729598999
0,tetrels,icsd_409912,Ba3 Na Si23,-3.389206,-4.98533861111,-4.996465682983398
1,tetrels,icsd_409912,Ba3 Na Si23,-3.389362,-4.98533861111,-4.996465682983398
2,tetrels,icsd_409912,Ba3 Na Si23,-3.3889546000000004,-4.98533861111,-4.996465682983398
3,tetrels,icsd_409912,Ba3 Na Si23,-3.389206,-4.98533861111,-4.996465682983398
4,tetrels,icsd_409912,Ba3 Na Si23,-3.389362,-4.98533861111,-4.996465682983398
5,tetrels,icsd_409912,Ba3 Na Si23,-3.3889546000000004,-4.98533861111,-4.996465682983398
0,tetrels,icsd_174267,Ba Pt Si3,-3.3307953,-4.955464599999999,-4.949782371520996
0,tetrels,icsd_090703,Ba6 Si25,-3.3266277,-4.92067906452,-4.931756973266602
1,tetrels,icsd_090703,Ba6 Si25,-3.3266277,-4.92067906452,-4.931756973266602
2,tetrels,icsd_090703,Ba6 Si25,-3.3266277,-4.92067906452,-4.931756973266602
3,tetrels,icsd_090703,Ba6 Si25,-3.3266277,-4.92067906452,-4.931756973266602
4,tetrels,icsd_090703,Ba6 Si25,-3.3266277,-4.92067906452,-4.931756973266602
5,tetrels,icsd_090703,Ba6 Si25,-3.3266277,-4.92067906452,-4.931756973266602
6,tetrels,icsd_090703,Ba6 Si25,-3.3266277,-4.92067906452,-4.931756973266602
7,tetrels,icsd_090703,Ba6 Si25,-3.3266277,-4.92067906452,-4.931756973266602
8,tetrels,icsd_090703,Ba6 Si25,-3.3570223,-4.92067906452,-4.931756973266602
9,tetrels,icsd_090703,Ba6 Si25,-3.3570223,-4.92067906452,-4.931756973266602
10,tetrels,icsd_090703,Ba6 Si25,-3.3570223,-4.92067906452,-4.931756973266602
11,tetrels,icsd_090703,Ba6 Si25,-3.3570223,-4.92067906452,-4.931756973266602
12,tetrels,icsd_090703,Ba6 Si25,-3.3367865,-4.92067906452,-4.931756973266602
13,tetrels,icsd_090703,Ba6 Si25,-3.3367865,-4.92067906452,-4.931756973266602
14,tetrels,icsd_090703,Ba6 Si25,-3.3367865,-4.92067906452,-4.931756973266602
15,tetrels,icsd_090703,Ba6 Si25,-3.3367865,-4.92067906452,-4.931756973266602
16,tetrels,icsd_090703,Ba6 Si25,-3.3367865,-4.92067906452,-4.931756973266602
17,tetrels,icsd_090703,Ba6 Si25,-3.3367865,-4.92067906452,-4.931756973266602
18,tetrels,icsd_090703,Ba6 Si25,-3.3367865,-4.92067906452,-4.931756973266602
19,tetrels,icsd_090703,Ba6 Si25,-3.3367865,-4.92067906452,-4.931756973266602
20,tetrels,icsd_090703,Ba6 Si25,-3.3367865,-4.92067906452,-4.931756973266602
21,tetrels,icsd_090703,Ba6 Si25,-3.3367865,-4.92067906452,-4.931756973266602
22,tetrels,icsd_090703,Ba6 Si25,-3.3367865,-4.92067906452,-4.931756973266602
23,tetrels,icsd_090703,Ba6 Si25,-3.3367865,-4.92067906452,-4.931756973266602
0,tetrels,icsd_040567,Au3 Ba4 Si20,-3.3162634,-4.759399500000002,-4.765908718109131
1,tetrels,icsd_040567,Au3 Ba4 Si20,-3.316249,-4.759399500000002,-4.765908718109131
2,tetrels,icsd_040567,Au3 Ba4 Si20,-3.7757447,-4.759399500000002,-4.765908718109131
3,tetrels,icsd_040567,Au3 Ba4 Si20,-3.7758222,-4.759399500000002,-4.765908718109131
4,tetrels,icsd_040567,Au3 Ba4 Si20,-3.7757483,-4.759399500000002,-4.765908718109131
5,tetrels,icsd_040567,Au3 Ba4 Si20,-3.7757447,-4.759399500000002,-4.765908718109131
6,tetrels,icsd_040567,Au3 Ba4 Si20,-3.7758222,-4.759399500000002,-4.765908718109131
7,tetrels,icsd_040567,Au3 Ba4 Si20,-3.7757483,-4.759399500000002,-4.765908718109131
0,tetrels,icsd_077146,Ba Ge2 Rh2,-3.4084752000000003,-4.7364958,-4.7412109375
0,tetrels,icsd_015126,Ba Si2,-3.288244,-4.614857875,-4.624404430389403
1,tetrels,icsd_015126,Ba Si2,-3.2882442000000003,-4.614857875,-4.624404430389403
2,tetrels,icsd_015126,Ba Si2,-3.288244,-4.614857875,-4.624404430389403
3,tetrels,icsd_015126,Ba Si2,-3.2882442000000003,-4.614857875,-4.624404430389403
4,tetrels,icsd_015126,Ba Si2,-3.3176346,-4.614857875,-4.624404430389403
5,tetrels,icsd_015126,Ba Si2,-3.3176348,-4.614857875,-4.624404430389403
6,tetrels,icsd_015126,Ba Si2,-3.3176348,-4.614857875,-4.624404430389403
7,tetrels,icsd_015126,Ba Si2,-3.3176346,-4.614857875,-4.624404430389403
0,tetrels,icsd_001237,Ba Si2,-3.3628666,-4.60755666667,-4.609217166900635
0,tetrels,icsd_604438,Ba Pt Si,-3.391067,-4.605358,-4.606391906738281
1,tetrels,icsd_604438,Ba Pt Si,-3.391067,-4.605358,-4.606391906738281
2,tetrels,icsd_604438,Ba Pt Si,-3.391067,-4.605358,-4.606391906738281
3,tetrels,icsd_604438,Ba Pt Si,-3.391067,-4.605358,-4.606391906738281
0,tetrels,icsd_002218,Ba Si2,-3.3209295,-4.59914933333,-4.6156535148620605
1,tetrels,icsd_002218,Ba Si2,-3.3209295,-4.59914933333,-4.6156535148620605
2,tetrels,icsd_002218,Ba Si2,-3.3209295,-4.59914933333,-4.6156535148620605
3,tetrels,icsd_002218,Ba Si2,-3.3209295,-4.59914933333,-4.6156535148620605
0,tetrels,icsd_174265,Ba Ge3 Rh,-3.518574,-4.5895776,-4.5937156677246085
0,tetrels,icsd_160797,Ba Ge12 Pt4,-3.5745249,-4.58639917647,-4.593952178955078
0,tetrels,icsd_020244,Ba Si2,-3.4023385000000004,-4.58540566667,-4.601907253265381
0,tetrels,icsd_014110,Ba Ni2 Si2,-3.1591904,-4.5762955000000005,-4.57133674621582
1,tetrels,icsd_014110,Ba Ni2 Si2,-3.1591902000000003,-4.5762955000000005,-4.57133674621582
0,tetrels,icsd_409867,Ba Ge3 Pt,-3.5698385000000004,-4.5212466,-4.522139549255371
0,tetrels,icsd_280338,Ba2 Ni Si3,-3.1496658,-4.44460633333,-4.449143409729004
1,tetrels,icsd_280338,Ba2 Ni Si3,-3.149692,-4.44460633333,-4.449143409729004
2,tetrels,icsd_280338,Ba2 Ni Si3,-3.1496918,-4.44460633333,-4.449143409729004
3,tetrels,icsd_280338,Ba2 Ni Si3,-3.3548386,-4.44460633333,-4.449143409729004
4,tetrels,icsd_280338,Ba2 Ni Si3,-3.3547260000000003,-4.44460633333,-4.449143409729004
5,tetrels,icsd_280338,Ba2 Ni Si3,-3.3548384,-4.44460633333,-4.449143409729004
0,tetrels,icsd_057034,Ba4 Ge20 Ni3,-3.4577835,-4.40635653704,-4.4123711585998535
1,tetrels,icsd_057034,Ba4 Ge20 Ni3,-3.4571958,-4.40635653704,-4.4123711585998535
2,tetrels,icsd_057034,Ba4 Ge20 Ni3,-3.5202093,-4.40635653704,-4.4123711585998535
3,tetrels,icsd_057034,Ba4 Ge20 Ni3,-3.5202088,-4.40635653704,-4.4123711585998535
4,tetrels,icsd_057034,Ba4 Ge20 Ni3,-3.5202088,-4.40635653704,-4.4123711585998535
5,tetrels,icsd_057034,Ba4 Ge20 Ni3,-3.5202093,-4.40635653704,-4.4123711585998535
6,tetrels,icsd_057034,Ba4 Ge20 Ni3,-3.5202088,-4.40635653704,-4.4123711585998535
7,tetrels,icsd_057034,Ba4 Ge20 Ni3,-3.5202088,-4.40635653704,-4.4123711585998535
0,tetrels,icsd_182552,Ba8 Cu Si16,-3.4023223,-4.40156584,-4.4111647605896
1,tetrels,icsd_182552,Ba8 Cu Si16,-3.2563262,-4.40156584,-4.4111647605896
2,tetrels,icsd_182552,Ba8 Cu Si16,-3.332762,-4.40156584,-4.4111647605896
3,tetrels,icsd_182552,Ba8 Cu Si16,-3.374998,-4.40156584,-4.4111647605896
4,tetrels,icsd_182552,Ba8 Cu Si16,-3.3555515,-4.40156584,-4.4111647605896
5,tetrels,icsd_182552,Ba8 Cu Si16,-3.4175634,-4.40156584,-4.4111647605896
6,tetrels,icsd_182552,Ba8 Cu Si16,-3.2990644,-4.40156584,-4.4111647605896
7,tetrels,icsd_182552,Ba8 Cu Si16,-3.3603659,-4.40156584,-4.4111647605896
0,tetrels,icsd_057035,Ba4 Ge20 Pd3,-3.5046190000000004,-4.3775702963,-4.382646560668944
1,tetrels,icsd_057035,Ba4 Ge20 Pd3,-3.50321,-4.3775702963,-4.382646560668944
2,tetrels,icsd_057035,Ba4 Ge20 Pd3,-3.5392550000000003,-4.3775702963,-4.382646560668944
3,tetrels,icsd_057035,Ba4 Ge20 Pd3,-3.5393672,-4.3775702963,-4.382646560668944
4,tetrels,icsd_057035,Ba4 Ge20 Pd3,-3.539366,-4.3775702963,-4.382646560668944
5,tetrels,icsd_057035,Ba4 Ge20 Pd3,-3.5392551,-4.3775702963,-4.382646560668944
6,tetrels,icsd_057035,Ba4 Ge20 Pd3,-3.539367,-4.3775702963,-4.382646560668944
7,tetrels,icsd_057035,Ba4 Ge20 Pd3,-3.5393658,-4.3775702963,-4.382646560668944
0,tetrels,icsd_420975,Ba Co2 Ge2,-3.3364375,-4.3616692000000015,-4.348686695098877
0,tetrels,icsd_249559,Al2 Ba Si2,-3.201107,-4.34745075,-4.355128288269043
1,tetrels,icsd_249559,Al2 Ba Si2,-3.201107,-4.34745075,-4.355128288269043
2,tetrels,icsd_249559,Al2 Ba Si2,-3.201107,-4.34745075,-4.355128288269043
3,tetrels,icsd_249559,Al2 Ba Si2,-3.201107,-4.34745075,-4.355128288269043
2,tetrels,icsd_153385,Al2 Ba Si2,-3.2472408,-4.3448459999999995,-4.346833229064941
0,tetrels,icsd_419308,Ba3 Si4,-3.2646556,-4.32908053571,-4.326748847961427
1,tetrels,icsd_419308,Ba3 Si4,-3.2646554,-4.32908053571,-4.326748847961427
2,tetrels,icsd_419308,Ba3 Si4,-3.2646554,-4.32908053571,-4.326748847961427
3,tetrels,icsd_419308,Ba3 Si4,-3.2646554,-4.32908053571,-4.326748847961427
4,tetrels,icsd_419308,Ba3 Si4,-3.1881423,-4.32908053571,-4.326748847961427
5,tetrels,icsd_419308,Ba3 Si4,-3.1881423,-4.32908053571,-4.326748847961427
6,tetrels,icsd_419308,Ba3 Si4,-3.1881423,-4.32908053571,-4.326748847961427
7,tetrels,icsd_419308,Ba3 Si4,-3.1881423,-4.32908053571,-4.326748847961427
8,tetrels,icsd_419308,Ba3 Si4,-3.0982332,-4.32908053571,-4.326748847961427
9,tetrels,icsd_419308,Ba3 Si4,-3.0982335,-4.32908053571,-4.326748847961427
10,tetrels,icsd_419308,Ba3 Si4,-3.0982327,-4.32908053571,-4.326748847961427
11,tetrels,icsd_419308,Ba3 Si4,-3.0982332,-4.32908053571,-4.326748847961427
0,tetrels,icsd_174261,Ba Ge3 Pd,-3.610598,-4.3109142,-4.31784725189209
4,tetrels,icsd_153384,Al2 Ba Si2,-3.212223,-4.3011075,-4.3064918518066415
5,tetrels,icsd_153384,Al2 Ba Si2,-3.2122228,-4.3011075,-4.3064918518066415
0,tetrels,icsd_106309,Ba Ge Pt,-3.4985752,-4.2932690000000004,-4.290894985198976
1,tetrels,icsd_106309,Ba Ge Pt,-3.498575,-4.2932690000000004,-4.290894985198976
2,tetrels,icsd_106309,Ba Ge Pt,-3.4985752,-4.2932690000000004,-4.290894985198976
3,tetrels,icsd_106309,Ba Ge Pt,-3.4985752,-4.2932690000000004,-4.290894985198976
0,tetrels,icsd_409260,Ba Ge2,-3.435017,-4.25046183333,-4.253734588623047
1,tetrels,icsd_409260,Ba Ge2,-3.435017,-4.25046183333,-4.253734588623047
2,tetrels,icsd_409260,Ba Ge2,-3.4350173,-4.25046183333,-4.253734588623047
3,tetrels,icsd_409260,Ba Ge2,-3.435017,-4.25046183333,-4.253734588623047
4,tetrels,icsd_409260,Ba Ge2,-3.453628,-4.25046183333,-4.253734588623047
5,tetrels,icsd_409260,Ba Ge2,-3.453628,-4.25046183333,-4.253734588623047
6,tetrels,icsd_409260,Ba Ge2,-3.453628,-4.25046183333,-4.253734588623047
7,tetrels,icsd_409260,Ba Ge2,-3.4536278,-4.25046183333,-4.253734588623047
0,tetrels,icsd_100129,Ba Ge2,-3.4833996,-4.22550983333,-4.2241244316101065
1,tetrels,icsd_100129,Ba Ge2,-3.4833994,-4.22550983333,-4.2241244316101065
0,tetrels,icsd_058677,Ba Pt Sn3,-3.5026927000000003,-4.2153928,-4.216723918914795
0,tetrels,icsd_181524,Au3 Ba4 Ge20,-3.5104866,-4.21093283333,-4.21342134475708
1,tetrels,icsd_181524,Au3 Ba4 Ge20,-3.5103736000000003,-4.21093283333,-4.21342134475708
2,tetrels,icsd_181524,Au3 Ba4 Ge20,-3.7242908,-4.21093283333,-4.21342134475708
3,tetrels,icsd_181524,Au3 Ba4 Ge20,-3.724299,-4.21093283333,-4.21342134475708
4,tetrels,icsd_181524,Au3 Ba4 Ge20,-3.724284200000001,-4.21093283333,-4.21342134475708
5,tetrels,icsd_181524,Au3 Ba4 Ge20,-3.7242908,-4.21093283333,-4.21342134475708
6,tetrels,icsd_181524,Au3 Ba4 Ge20,-3.724299,-4.21093283333,-4.21342134475708
7,tetrels,icsd_181524,Au3 Ba4 Ge20,-3.724284,-4.21093283333,-4.21342134475708
0,tetrels,icsd_167163,Ba3 Ge5,-3.3687592000000004,-4.1601441875,-4.1645708084106445
1,tetrels,icsd_167163,Ba3 Ge5,-3.3687592000000004,-4.1601441875,-4.1645708084106445
2,tetrels,icsd_167163,Ba3 Ge5,-3.3719019999999995,-4.1601441875,-4.1645708084106445
3,tetrels,icsd_167163,Ba3 Ge5,-3.3719019999999995,-4.1601441875,-4.1645708084106445
4,tetrels,icsd_167163,Ba3 Ge5,-3.3719022000000005,-4.1601441875,-4.1645708084106445
5,tetrels,icsd_167163,Ba3 Ge5,-3.3719019999999995,-4.1601441875,-4.1645708084106445
0,tetrels,icsd_168409,Ba Si2,-3.2991318999999995,-4.13704266667,-4.1600937843322745
0,tetrels,icsd_616034,Ba Pd Si,-3.3322353,-4.13097825,-4.130927562713623
1,tetrels,icsd_616034,Ba Pd Si,-3.332235,-4.13097825,-4.130927562713623
2,tetrels,icsd_616034,Ba Pd Si,-3.332235,-4.13097825,-4.130927562713623
3,tetrels,icsd_616034,Ba Pd Si,-3.3322353,-4.13097825,-4.130927562713623
0,tetrels,icsd_098514,Al2 Ba Ge2,-3.2783194,-4.12583285,-4.127581596374512
1,tetrels,icsd_098514,Al2 Ba Ge2,-3.2783194,-4.12583285,-4.127581596374512
2,tetrels,icsd_098514,Al2 Ba Ge2,-3.2783194,-4.12583285,-4.127581596374512
3,tetrels,icsd_098514,Al2 Ba Ge2,-3.2783194,-4.12583285,-4.127581596374512
2,tetrels,icsd_098515,Al2 Ba Ge2,-3.358345,-4.121955000000002,-4.122381687164307
0,tetrels,icsd_404707,Ba2 Li Si3,-3.2846708,-4.09796254167,-4.106213569641113
1,tetrels,icsd_404707,Ba2 Li Si3,-3.2846708,-4.09796254167,-4.106213569641113
2,tetrels,icsd_404707,Ba2 Li Si3,-3.2846706,-4.09796254167,-4.106213569641113
3,tetrels,icsd_404707,Ba2 Li Si3,-3.2846708,-4.09796254167,-4.106213569641113
4,tetrels,icsd_404707,Ba2 Li Si3,-3.271497,-4.09796254167,-4.106213569641113
5,tetrels,icsd_404707,Ba2 Li Si3,-3.271497,-4.09796254167,-4.106213569641113
6,tetrels,icsd_404707,Ba2 Li Si3,-3.271497,-4.09796254167,-4.106213569641113
7,tetrels,icsd_404707,Ba2 Li Si3,-3.2714967999999995,-4.09796254167,-4.106213569641113
0,tetrels,icsd_094259,Ba Si,-2.9317007,-4.09030125,-4.103694915771484
1,tetrels,icsd_094259,Ba Si,-2.9317007,-4.09030125,-4.103694915771484
0,tetrels,icsd_162866,Al Ba Si,-3.1861486,-4.08249033333,-4.085952281951903
4,tetrels,icsd_417659,Al2 Ba5 Ge7,-3.2736678,-4.05701660714,-4.064087390899658
5,tetrels,icsd_417659,Al2 Ba5 Ge7,-3.2736678,-4.05701660714,-4.064087390899658
6,tetrels,icsd_417659,Al2 Ba5 Ge7,-3.2736678,-4.05701660714,-4.064087390899658
7,tetrels,icsd_417659,Al2 Ba5 Ge7,-3.2736678,-4.05701660714,-4.064087390899658
8,tetrels,icsd_417659,Al2 Ba5 Ge7,-3.3389654,-4.05701660714,-4.064087390899658
9,tetrels,icsd_417659,Al2 Ba5 Ge7,-3.3389654,-4.05701660714,-4.064087390899658
10,tetrels,icsd_417659,Al2 Ba5 Ge7,-3.2933917,-4.05701660714,-4.064087390899658
11,tetrels,icsd_417659,Al2 Ba5 Ge7,-3.2933912000000003,-4.05701660714,-4.064087390899658
12,tetrels,icsd_417659,Al2 Ba5 Ge7,-3.2811067000000005,-4.05701660714,-4.064087390899658
13,tetrels,icsd_417659,Al2 Ba5 Ge7,-3.2811067000000005,-4.05701660714,-4.064087390899658
0,tetrels,icsd_056980,Ag3 Ba4 Ge20,-3.5023239,-4.0326952037,-4.040782451629639
1,tetrels,icsd_056980,Ag3 Ba4 Ge20,-3.502363,-4.0326952037,-4.040782451629639
2,tetrels,icsd_056980,Ag3 Ba4 Ge20,-3.6471112,-4.0326952037,-4.040782451629639
3,tetrels,icsd_056980,Ag3 Ba4 Ge20,-3.6471677,-4.0326952037,-4.040782451629639
4,tetrels,icsd_056980,Ag3 Ba4 Ge20,-3.647242,-4.0326952037,-4.040782451629639
5,tetrels,icsd_056980,Ag3 Ba4 Ge20,-3.647111,-4.0326952037,-4.040782451629639
6,tetrels,icsd_056980,Ag3 Ba4 Ge20,-3.6471674,-4.0326952037,-4.040782451629639
7,tetrels,icsd_056980,Ag3 Ba4 Ge20,-3.647242,-4.0326952037,-4.040782451629639
0,tetrels,icsd_391060,Ba3 Ge4,-3.321463,-4.03242871429,-4.038615703582764
1,tetrels,icsd_391060,Ba3 Ge4,-3.321463,-4.03242871429,-4.038615703582764
2,tetrels,icsd_391060,Ba3 Ge4,-3.3323271,-4.03242871429,-4.038615703582764
3,tetrels,icsd_391060,Ba3 Ge4,-3.332327,-4.03242871429,-4.038615703582764
4,tetrels,icsd_391060,Ba3 Ge4,-3.316481,-4.03242871429,-4.038615703582764
5,tetrels,icsd_391060,Ba3 Ge4,-3.316481,-4.03242871429,-4.038615703582764
6,tetrels,icsd_391060,Ba3 Ge4,-3.2958903,-4.03242871429,-4.038615703582764
7,tetrels,icsd_391060,Ba3 Ge4,-3.29589,-4.03242871429,-4.038615703582764
8,tetrels,icsd_391060,Ba3 Ge4,-3.2547896,-4.03242871429,-4.038615703582764
9,tetrels,icsd_391060,Ba3 Ge4,-3.2547896,-4.03242871429,-4.038615703582764
10,tetrels,icsd_391060,Ba3 Ge4,-3.2547896,-4.03242871429,-4.038615703582764
11,tetrels,icsd_391060,Ba3 Ge4,-3.2547896,-4.03242871429,-4.038615703582764
0,tetrels,icsd_058673,Ba Pd Sn3,-3.5627494,-4.030675,-4.036645889282228
0,tetrels,icsd_391061,Ba3 Ge4,-3.3738432,-4.03061528571,-4.036088466644287
1,tetrels,icsd_391061,Ba3 Ge4,-3.3738434,-4.03061528571,-4.036088466644287
2,tetrels,icsd_391061,Ba3 Ge4,-3.3738434,-4.03061528571,-4.036088466644287
3,tetrels,icsd_391061,Ba3 Ge4,-3.3738434,-4.03061528571,-4.036088466644287
4,tetrels,icsd_391061,Ba3 Ge4,-3.3490474000000003,-4.03061528571,-4.036088466644287
5,tetrels,icsd_391061,Ba3 Ge4,-3.3490474000000003,-4.03061528571,-4.036088466644287
6,tetrels,icsd_391061,Ba3 Ge4,-3.3490474000000003,-4.03061528571,-4.036088466644287
7,tetrels,icsd_391061,Ba3 Ge4,-3.3490474000000003,-4.03061528571,-4.036088466644287
8,tetrels,icsd_391061,Ba3 Ge4,-3.2651708,-4.03061528571,-4.036088466644287
9,tetrels,icsd_391061,Ba3 Ge4,-3.2651708,-4.03061528571,-4.036088466644287
10,tetrels,icsd_391061,Ba3 Ge4,-3.2651708,-4.03061528571,-4.036088466644287
11,tetrels,icsd_391061,Ba3 Ge4,-3.2651708,-4.03061528571,-4.036088466644287
0,tetrels,icsd_615891,Ba Ge Mn,-3.3487077000000003,-4.020557,-4.046407699584962
1,tetrels,icsd_615891,Ba Ge Mn,-3.3487077000000003,-4.020557,-4.046407699584962
4,tetrels,icsd_417660,Al4 Ba7 Ge9,-3.2791339999999995,-4.0149546,-4.021310329437257
5,tetrels,icsd_417660,Al4 Ba7 Ge9,-3.2791339999999995,-4.0149546,-4.021310329437257
6,tetrels,icsd_417660,Al4 Ba7 Ge9,-3.2791339999999995,-4.0149546,-4.021310329437257
7,tetrels,icsd_417660,Al4 Ba7 Ge9,-3.2791339999999995,-4.0149546,-4.021310329437257
8,tetrels,icsd_417660,Al4 Ba7 Ge9,-3.3100657,-4.0149546,-4.021310329437257
9,tetrels,icsd_417660,Al4 Ba7 Ge9,-3.3100653,-4.0149546,-4.021310329437257
10,tetrels,icsd_417660,Al4 Ba7 Ge9,-3.2066166000000003,-4.0149546,-4.021310329437257
0,tetrels,icsd_058662,Ba Ni Sn3,-3.5234628,-3.9966724,-4.002312183380127
0,tetrels,icsd_419206,Ba Sn3,-3.572229,-3.95727175,-3.956153631210327
1,tetrels,icsd_419206,Ba Sn3,-3.5722291,-3.95727175,-3.956153631210327
0,tetrels,icsd_107305,Ba Sn5,-3.5636055,-3.95679333333,-3.963839292526245
0,tetrels,icsd_169999,Ba8 Si6 Sn,-3.0350387000000003,-3.9116258999999998,-3.9251799583435054
1,tetrels,icsd_169999,Ba8 Si6 Sn,-3.035039,-3.9116258999999998,-3.9251799583435054
2,tetrels,icsd_169999,Ba8 Si6 Sn,-3.0350387000000003,-3.9116258999999998,-3.9251799583435054
3,tetrels,icsd_169999,Ba8 Si6 Sn,-3.0350387000000003,-3.9116258999999998,-3.9251799583435054
4,tetrels,icsd_169999,Ba8 Si6 Sn,-3.0350387000000003,-3.9116258999999998,-3.9251799583435054
5,tetrels,icsd_169999,Ba8 Si6 Sn,-3.0350387000000003,-3.9116258999999998,-3.9251799583435054
6,tetrels,icsd_169999,Ba8 Si6 Sn,-3.0350387000000003,-3.9116258999999998,-3.9251799583435054
7,tetrels,icsd_169999,Ba8 Si6 Sn,-3.0350387000000003,-3.9116258999999998,-3.9251799583435054
8,tetrels,icsd_169999,Ba8 Si6 Sn,-2.8070245,-3.9116258999999998,-3.9251799583435054
9,tetrels,icsd_169999,Ba8 Si6 Sn,-2.8070247000000004,-3.9116258999999998,-3.9251799583435054
10,tetrels,icsd_169999,Ba8 Si6 Sn,-2.8070245,-3.9116258999999998,-3.9251799583435054
11,tetrels,icsd_169999,Ba8 Si6 Sn,-2.8070247000000004,-3.9116258999999998,-3.9251799583435054
12,tetrels,icsd_169999,Ba8 Si6 Sn,-2.8070245,-3.9116258999999998,-3.9251799583435054
13,tetrels,icsd_169999,Ba8 Si6 Sn,-2.8070247000000004,-3.9116258999999998,-3.9251799583435054
14,tetrels,icsd_169999,Ba8 Si6 Sn,-2.8070247000000004,-3.9116258999999998,-3.9251799583435054
15,tetrels,icsd_169999,Ba8 Si6 Sn,-2.8070247000000004,-3.9116258999999998,-3.9251799583435054
16,tetrels,icsd_169999,Ba8 Si6 Sn,-3.0197957000000004,-3.9116258999999998,-3.9251799583435054
17,tetrels,icsd_169999,Ba8 Si6 Sn,-3.0197954,-3.9116258999999998,-3.9251799583435054
18,tetrels,icsd_169999,Ba8 Si6 Sn,-3.0197957000000004,-3.9116258999999998,-3.9251799583435054
19,tetrels,icsd_169999,Ba8 Si6 Sn,-3.019796,-3.9116258999999998,-3.9251799583435054
20,tetrels,icsd_169999,Ba8 Si6 Sn,-3.0197957000000004,-3.9116258999999998,-3.9251799583435054
21,tetrels,icsd_169999,Ba8 Si6 Sn,-3.019796,-3.9116258999999998,-3.9251799583435054
22,tetrels,icsd_169999,Ba8 Si6 Sn,-3.019796,-3.9116258999999998,-3.9251799583435054
23,tetrels,icsd_169999,Ba8 Si6 Sn,-3.019796,-3.9116258999999998,-3.9251799583435054
24,tetrels,icsd_169999,Ba8 Si6 Sn,-2.8747702,-3.9116258999999998,-3.9251799583435054
25,tetrels,icsd_169999,Ba8 Si6 Sn,-2.8747706,-3.9116258999999998,-3.9251799583435054
26,tetrels,icsd_169999,Ba8 Si6 Sn,-2.8747702,-3.9116258999999998,-3.9251799583435054
27,tetrels,icsd_169999,Ba8 Si6 Sn,-2.8747702,-3.9116258999999998,-3.9251799583435054
28,tetrels,icsd_169999,Ba8 Si6 Sn,-2.8747702,-3.9116258999999998,-3.9251799583435054
29,tetrels,icsd_169999,Ba8 Si6 Sn,-2.8747702,-3.9116258999999998,-3.9251799583435054
30,tetrels,icsd_169999,Ba8 Si6 Sn,-2.8747702,-3.9116258999999998,-3.9251799583435054
31,tetrels,icsd_169999,Ba8 Si6 Sn,-2.8747702,-3.9116258999999998,-3.9251799583435054
0,tetrels,icsd_166380,Al Ba Ge,-3.2056234,-3.90144166667,-3.908030271530152
0,tetrels,icsd_409958,Ba Sn2,-3.546814,-3.8938800000000002,-3.89312744140625
4,tetrels,icsd_410520,Ag Ba2 Si3,-3.3389172999999994,-3.88256795833,-3.8918583393096937
5,tetrels,icsd_410520,Ag Ba2 Si3,-3.3389172999999994,-3.88256795833,-3.8918583393096937
6,tetrels,icsd_410520,Ag Ba2 Si3,-3.3389172999999994,-3.88256795833,-3.8918583393096937
7,tetrels,icsd_410520,Ag Ba2 Si3,-3.3389172999999994,-3.88256795833,-3.8918583393096937
8,tetrels,icsd_410520,Ag Ba2 Si3,-3.433266,-3.88256795833,-3.8918583393096937
9,tetrels,icsd_410520,Ag Ba2 Si3,-3.433266,-3.88256795833,-3.8918583393096937
10,tetrels,icsd_410520,Ag Ba2 Si3,-3.4332662000000003,-3.88256795833,-3.8918583393096937
11,tetrels,icsd_410520,Ag Ba2 Si3,-3.4332662000000003,-3.88256795833,-3.8918583393096937
0,tetrels,icsd_659524,Ba Ge,-3.0787635,-3.86922925,-3.878592014312744
1,tetrels,icsd_659524,Ba Ge,-3.0787635,-3.86922925,-3.878592014312744
0,tetrels,icsd_411980,Ba3 Sn5,-3.4196565000000003,-3.85368525,-3.861669778823853
1,tetrels,icsd_411980,Ba3 Sn5,-3.4196565000000003,-3.85368525,-3.861669778823853
2,tetrels,icsd_411980,Ba3 Sn5,-3.4120457,-3.85368525,-3.861669778823853
3,tetrels,icsd_411980,Ba3 Sn5,-3.4120457,-3.85368525,-3.861669778823853
4,tetrels,icsd_411980,Ba3 Sn5,-3.412046,-3.85368525,-3.861669778823853
5,tetrels,icsd_411980,Ba3 Sn5,-3.4120457,-3.85368525,-3.861669778823853
0,tetrels,icsd_421431,Ba Ge Ni2,-3.0759676,-3.850711125,-3.8475069999694815
1,tetrels,icsd_421431,Ba Ge Ni2,-3.0759678,-3.850711125,-3.8475069999694815
0,tetrels,icsd_404705,Ba2 Ge3 Li,-3.3981068,-3.832001625,-3.835407495498657
1,tetrels,icsd_404705,Ba2 Ge3 Li,-3.398107,-3.832001625,-3.835407495498657
2,tetrels,icsd_404705,Ba2 Ge3 Li,-3.3981068,-3.832001625,-3.835407495498657
3,tetrels,icsd_404705,Ba2 Ge3 Li,-3.3981068,-3.832001625,-3.835407495498657
4,tetrels,icsd_404705,Ba2 Ge3 Li,-3.3642545,-3.832001625,-3.835407495498657
5,tetrels,icsd_404705,Ba2 Ge3 Li,-3.3642545,-3.832001625,-3.835407495498657
6,tetrels,icsd_404705,Ba2 Ge3 Li,-3.3642545,-3.832001625,-3.835407495498657
7,tetrels,icsd_404705,Ba2 Ge3 Li,-3.3642545,-3.832001625,-3.835407495498657
2,tetrels,icsd_100128,Al2 Ba3 Si2,-2.797878,-3.8026660000000003,-3.8147473335266113
3,tetrels,icsd_100128,Al2 Ba3 Si2,-2.7978783,-3.8026660000000003,-3.8147473335266113
4,tetrels,icsd_100128,Al2 Ba3 Si2,-3.0047188,-3.8026660000000003,-3.8147473335266113
0,tetrels,icsd_162583,Ba Ge2 Li,-3.4045062000000006,-3.7998588125,-3.798255443572998
1,tetrels,icsd_162583,Ba Ge2 Li,-3.404506,-3.7998588125,-3.798255443572998
2,tetrels,icsd_162583,Ba Ge2 Li,-3.4045062000000006,-3.7998588125,-3.798255443572998
3,tetrels,icsd_162583,Ba Ge2 Li,-3.4045062000000006,-3.7998588125,-3.798255443572998
0,tetrels,icsd_615870,Ba Ga Ge,-3.2648637000000003,-3.73409225,-3.7449254989624015
1,tetrels,icsd_615870,Ba Ga Ge,-3.2648637000000003,-3.73409225,-3.7449254989624015
2,tetrels,icsd_615870,Ba Ga Ge,-3.319703,-3.73409225,-3.7449254989624015
3,tetrels,icsd_615870,Ba Ga Ge,-3.319703,-3.73409225,-3.7449254989624015
0,tetrels,icsd_424096,Ba7 Ge6,-2.9103827,-3.72885640385,-3.739853382110596
1,tetrels,icsd_424096,Ba7 Ge6,-2.9103827,-3.72885640385,-3.739853382110596
2,tetrels,icsd_424096,Ba7 Ge6,-2.9103830000000004,-3.72885640385,-3.739853382110596
3,tetrels,icsd_424096,Ba7 Ge6,-2.9103830000000004,-3.72885640385,-3.739853382110596
4,tetrels,icsd_424096,Ba7 Ge6,-2.9103827,-3.72885640385,-3.739853382110596
5,tetrels,icsd_424096,Ba7 Ge6,-2.9103825,-3.72885640385,-3.739853382110596
6,tetrels,icsd_424096,Ba7 Ge6,-2.9103825,-3.72885640385,-3.739853382110596
7,tetrels,icsd_424096,Ba7 Ge6,-2.9103827,-3.72885640385,-3.739853382110596
8,tetrels,icsd_424096,Ba7 Ge6,-3.044266,-3.72885640385,-3.739853382110596
9,tetrels,icsd_424096,Ba7 Ge6,-3.044266,-3.72885640385,-3.739853382110596
10,tetrels,icsd_424096,Ba7 Ge6,-3.044266,-3.72885640385,-3.739853382110596
11,tetrels,icsd_424096,Ba7 Ge6,-3.0442662,-3.72885640385,-3.739853382110596
12,tetrels,icsd_424096,Ba7 Ge6,-3.044266,-3.72885640385,-3.739853382110596
13,tetrels,icsd_424096,Ba7 Ge6,-3.044266,-3.72885640385,-3.739853382110596
14,tetrels,icsd_424096,Ba7 Ge6,-3.044266,-3.72885640385,-3.739853382110596
15,tetrels,icsd_424096,Ba7 Ge6,-3.044266,-3.72885640385,-3.739853382110596
16,tetrels,icsd_424096,Ba7 Ge6,-3.092061,-3.72885640385,-3.739853382110596
17,tetrels,icsd_424096,Ba7 Ge6,-3.0920613,-3.72885640385,-3.739853382110596
18,tetrels,icsd_424096,Ba7 Ge6,-3.0920613,-3.72885640385,-3.739853382110596
19,tetrels,icsd_424096,Ba7 Ge6,-3.0920613,-3.72885640385,-3.739853382110596
20,tetrels,icsd_424096,Ba7 Ge6,-3.092061,-3.72885640385,-3.739853382110596
21,tetrels,icsd_424096,Ba7 Ge6,-3.0920613,-3.72885640385,-3.739853382110596
22,tetrels,icsd_424096,Ba7 Ge6,-3.0920613,-3.72885640385,-3.739853382110596
23,tetrels,icsd_424096,Ba7 Ge6,-3.092061,-3.72885640385,-3.739853382110596
24,tetrels,icsd_424096,Ba7 Ge6,-2.7941494,-3.72885640385,-3.739853382110596
25,tetrels,icsd_424096,Ba7 Ge6,-2.7941496,-3.72885640385,-3.739853382110596
26,tetrels,icsd_424096,Ba7 Ge6,-2.7941494,-3.72885640385,-3.739853382110596
27,tetrels,icsd_424096,Ba7 Ge6,-2.7941494,-3.72885640385,-3.739853382110596
0,tetrels,icsd_408938,Ba2 Mg3 Si4,-3.2879117,-3.7059629999999997,-3.70807695388794
1,tetrels,icsd_408938,Ba2 Mg3 Si4,-3.2879117,-3.7059629999999997,-3.70807695388794
2,tetrels,icsd_408938,Ba2 Mg3 Si4,-3.2921357,-3.7059629999999997,-3.70807695388794
3,tetrels,icsd_408938,Ba2 Mg3 Si4,-3.2921357,-3.7059629999999997,-3.70807695388794
2,tetrels,icsd_052612,Al2 Ba3 Ge2,-3.155161,-3.68666914286,-3.6941344738006583
3,tetrels,icsd_052612,Al2 Ba3 Ge2,-2.9042077,-3.68666914286,-3.6941344738006583
4,tetrels,icsd_052612,Al2 Ba3 Ge2,-2.9042077,-3.68666914286,-3.6941344738006583
0,tetrels,icsd_659549,Ba Sn,-3.2182894,-3.661221,-3.675571918487549
1,tetrels,icsd_659549,Ba Sn,-3.2182894,-3.661221,-3.675571918487549
0,tetrels,icsd_001078,Al3 Ba10 Ge7,-3.1763535,-3.639224,-3.6513428688049316
1,tetrels,icsd_001078,Al3 Ba10 Ge7,-3.1763532000000003,-3.639224,-3.6513428688049316
2,tetrels,icsd_001078,Al3 Ba10 Ge7,-3.1763535,-3.639224,-3.6513428688049316
3,tetrels,icsd_001078,Al3 Ba10 Ge7,-3.1763535,-3.639224,-3.6513428688049316
4,tetrels,icsd_001078,Al3 Ba10 Ge7,-2.8813725,-3.639224,-3.6513428688049316
5,tetrels,icsd_001078,Al3 Ba10 Ge7,-2.8813725,-3.639224,-3.6513428688049316
6,tetrels,icsd_001078,Al3 Ba10 Ge7,-2.8813725,-3.639224,-3.6513428688049316
7,tetrels,icsd_001078,Al3 Ba10 Ge7,-2.8813727000000005,-3.639224,-3.6513428688049316
8,tetrels,icsd_001078,Al3 Ba10 Ge7,-2.8890815,-3.639224,-3.6513428688049316
9,tetrels,icsd_001078,Al3 Ba10 Ge7,-2.8890815,-3.639224,-3.6513428688049316
10,tetrels,icsd_001078,Al3 Ba10 Ge7,-2.8890815,-3.639224,-3.6513428688049316
11,tetrels,icsd_001078,Al3 Ba10 Ge7,-2.8890815,-3.639224,-3.6513428688049316
12,tetrels,icsd_001078,Al3 Ba10 Ge7,-2.8890815,-3.639224,-3.6513428688049316
13,tetrels,icsd_001078,Al3 Ba10 Ge7,-2.8890815,-3.639224,-3.6513428688049316
14,tetrels,icsd_001078,Al3 Ba10 Ge7,-2.8890815,-3.639224,-3.6513428688049316
15,tetrels,icsd_001078,Al3 Ba10 Ge7,-2.8890815,-3.639224,-3.6513428688049316
16,tetrels,icsd_001078,Al3 Ba10 Ge7,-2.8890815,-3.639224,-3.6513428688049316
17,tetrels,icsd_001078,Al3 Ba10 Ge7,-2.8890815,-3.639224,-3.6513428688049316
18,tetrels,icsd_001078,Al3 Ba10 Ge7,-2.8890815,-3.639224,-3.6513428688049316
19,tetrels,icsd_001078,Al3 Ba10 Ge7,-2.8890815,-3.639224,-3.6513428688049316
0,tetrels,icsd_409377,Ba5 Si3,-2.7812202,-3.569779,-3.5677855014801025
1,tetrels,icsd_409377,Ba5 Si3,-2.7812202,-3.569779,-3.5677855014801025
2,tetrels,icsd_409377,Ba5 Si3,-2.7812202,-3.569779,-3.5677855014801025
3,tetrels,icsd_409377,Ba5 Si3,-2.7812202,-3.569779,-3.5677855014801025
4,tetrels,icsd_409377,Ba5 Si3,-2.7162027,-3.569779,-3.5677855014801025
5,tetrels,icsd_409377,Ba5 Si3,-2.7162027,-3.569779,-3.5677855014801025
6,tetrels,icsd_409377,Ba5 Si3,-2.7162027,-3.569779,-3.5677855014801025
7,tetrels,icsd_409377,Ba5 Si3,-2.7162027,-3.569779,-3.5677855014801025
8,tetrels,icsd_409377,Ba5 Si3,-2.7162027,-3.569779,-3.5677855014801025
9,tetrels,icsd_409377,Ba5 Si3,-2.7162027,-3.569779,-3.5677855014801025
10,tetrels,icsd_409377,Ba5 Si3,-2.7162027,-3.569779,-3.5677855014801025
11,tetrels,icsd_409377,Ba5 Si3,-2.7162027,-3.569779,-3.5677855014801025
12,tetrels,icsd_409377,Ba5 Si3,-2.7162027,-3.569779,-3.5677855014801025
13,tetrels,icsd_409377,Ba5 Si3,-2.7162027,-3.569779,-3.5677855014801025
14,tetrels,icsd_409377,Ba5 Si3,-2.7162027,-3.569779,-3.5677855014801025
15,tetrels,icsd_409377,Ba5 Si3,-2.7162027,-3.569779,-3.5677855014801025
16,tetrels,icsd_409377,Ba5 Si3,-2.7162027,-3.569779,-3.5677855014801025
17,tetrels,icsd_409377,Ba5 Si3,-2.7162027,-3.569779,-3.5677855014801025
18,tetrels,icsd_409377,Ba5 Si3,-2.7162027,-3.569779,-3.5677855014801025
19,tetrels,icsd_409377,Ba5 Si3,-2.7162027,-3.569779,-3.5677855014801025
0,tetrels,icsd_240016,Ba3 Li4 Sn8,-3.4336657999999995,-3.55014613333,-3.552338123321533
1,tetrels,icsd_240016,Ba3 Li4 Sn8,-3.4498260000000003,-3.55014613333,-3.552338123321533
2,tetrels,icsd_240016,Ba3 Li4 Sn8,-3.4498262000000004,-3.55014613333,-3.552338123321533
2,tetrels,icsd_009565,Al2 Ba3 Sn2,-2.985594,-3.5479738571399997,-3.5509753227233887
3,tetrels,icsd_009565,Al2 Ba3 Sn2,-2.9855938,-3.5479738571399997,-3.5509753227233887
4,tetrels,icsd_009565,Al2 Ba3 Sn2,-3.2195897,-3.5479738571399997,-3.5509753227233887
0,tetrels,icsd_052682,Ba Ca Si,-2.776319,-3.528861,-3.532646894454956
1,tetrels,icsd_052682,Ba Ca Si,-2.776319,-3.528861,-3.532646894454956
2,tetrels,icsd_052682,Ba Ca Si,-2.7763193,-3.528861,-3.532646894454956
3,tetrels,icsd_052682,Ba Ca Si,-2.776319,-3.528861,-3.532646894454956
0,tetrels,icsd_025311,Ba Mg2 Si2,-3.332579,-3.508173600000001,-3.506638288497925
0,tetrels,icsd_409375,Ba5 Ge3,-2.8000333,-3.439555125,-3.449937582015991
1,tetrels,icsd_409375,Ba5 Ge3,-2.8000338,-3.439555125,-3.449937582015991
2,tetrels,icsd_409375,Ba5 Ge3,-2.8000338,-3.439555125,-3.449937582015991
3,tetrels,icsd_409375,Ba5 Ge3,-2.8000336,-3.439555125,-3.449937582015991
4,tetrels,icsd_409375,Ba5 Ge3,-2.796093,-3.439555125,-3.449937582015991
5,tetrels,icsd_409375,Ba5 Ge3,-2.796093,-3.439555125,-3.449937582015991
6,tetrels,icsd_409375,Ba5 Ge3,-2.7960932,-3.439555125,-3.449937582015991
7,tetrels,icsd_409375,Ba5 Ge3,-2.7960932,-3.439555125,-3.449937582015991
8,tetrels,icsd_409375,Ba5 Ge3,-2.7960932,-3.439555125,-3.449937582015991
9,tetrels,icsd_409375,Ba5 Ge3,-2.7960932,-3.439555125,-3.449937582015991
10,tetrels,icsd_409375,Ba5 Ge3,-2.796093,-3.439555125,-3.449937582015991
11,tetrels,icsd_409375,Ba5 Ge3,-2.7960932,-3.439555125,-3.449937582015991
12,tetrels,icsd_409375,Ba5 Ge3,-2.7960932,-3.439555125,-3.449937582015991
13,tetrels,icsd_409375,Ba5 Ge3,-2.7960932,-3.439555125,-3.449937582015991
14,tetrels,icsd_409375,Ba5 Ge3,-2.7960932,-3.439555125,-3.449937582015991
15,tetrels,icsd_409375,Ba5 Ge3,-2.7960932,-3.439555125,-3.449937582015991
16,tetrels,icsd_409375,Ba5 Ge3,-2.7960932,-3.439555125,-3.449937582015991
17,tetrels,icsd_409375,Ba5 Ge3,-2.7960932,-3.439555125,-3.449937582015991
18,tetrels,icsd_409375,Ba5 Ge3,-2.7960932,-3.439555125,-3.449937582015991
19,tetrels,icsd_409375,Ba5 Ge3,-2.7960932,-3.439555125,-3.449937582015991
0,tetrels,icsd_058647,Ba Cu Sn2,-3.5930219,-3.43899075,-3.438992500305176
1,tetrels,icsd_058647,Ba Cu Sn2,-3.5930216,-3.43899075,-3.438992500305176
0,tetrels,icsd_052698,Ba2 Si,-2.6577497,-3.40015916667,-3.39849853515625
1,tetrels,icsd_052698,Ba2 Si,-2.6577497,-3.40015916667,-3.39849853515625
2,tetrels,icsd_052698,Ba2 Si,-2.6577494,-3.40015916667,-3.39849853515625
3,tetrels,icsd_052698,Ba2 Si,-2.6577497,-3.40015916667,-3.39849853515625
4,tetrels,icsd_052698,Ba2 Si,-2.6908762000000004,-3.40015916667,-3.39849853515625
5,tetrels,icsd_052698,Ba2 Si,-2.6908762000000004,-3.40015916667,-3.39849853515625
6,tetrels,icsd_052698,Ba2 Si,-2.6908765,-3.40015916667,-3.39849853515625
7,tetrels,icsd_052698,Ba2 Si,-2.6908765,-3.40015916667,-3.39849853515625
0,tetrels,icsd_424098,Ba3 Sn2,-2.9022546,-3.39709065,-3.4094841480255127
1,tetrels,icsd_424098,Ba3 Sn2,-2.9022543,-3.39709065,-3.4094841480255127
2,tetrels,icsd_424098,Ba3 Sn2,-2.9022543,-3.39709065,-3.4094841480255127
3,tetrels,icsd_424098,Ba3 Sn2,-2.9022543,-3.39709065,-3.4094841480255127
4,tetrels,icsd_424098,Ba3 Sn2,-2.9022543,-3.39709065,-3.4094841480255127
5,tetrels,icsd_424098,Ba3 Sn2,-2.9022543,-3.39709065,-3.4094841480255127
6,tetrels,icsd_424098,Ba3 Sn2,-2.9022543,-3.39709065,-3.4094841480255127
7,tetrels,icsd_424098,Ba3 Sn2,-2.9022543,-3.39709065,-3.4094841480255127
8,tetrels,icsd_424098,Ba3 Sn2,-2.9262166,-3.39709065,-3.4094841480255127
9,tetrels,icsd_424098,Ba3 Sn2,-2.9262166,-3.39709065,-3.4094841480255127
10,tetrels,icsd_424098,Ba3 Sn2,-2.9262166,-3.39709065,-3.4094841480255127
11,tetrels,icsd_424098,Ba3 Sn2,-2.9262166,-3.39709065,-3.4094841480255127
0,tetrels,icsd_174269,Ba Si2 Zn2,-3.3077650000000003,-3.3570477999999997,-3.3641676902771
0,tetrels,icsd_042459,Ba Mg Si,-2.948776,-3.34916616667,-3.351191759109497
1,tetrels,icsd_042459,Ba Mg Si,-2.948776,-3.34916616667,-3.351191759109497
0,tetrels,icsd_025312,Ba Ge2 Mg2,-3.4134238,-3.329125,-3.327552080154419
0,tetrels,icsd_616156,Ba5 Sn3,-2.7112967999999995,-3.320767875,-3.3313965797424316
1,tetrels,icsd_616156,Ba5 Sn3,-2.7112966,-3.320767875,-3.3313965797424316
2,tetrels,icsd_616156,Ba5 Sn3,-2.8271725,-3.320767875,-3.3313965797424316
3,tetrels,icsd_616156,Ba5 Sn3,-2.8271725,-3.320767875,-3.3313965797424316
4,tetrels,icsd_616156,Ba5 Sn3,-2.8271725,-3.320767875,-3.3313965797424316
5,tetrels,icsd_616156,Ba5 Sn3,-2.8271725,-3.320767875,-3.3313965797424316
6,tetrels,icsd_616156,Ba5 Sn3,-2.8271725,-3.320767875,-3.3313965797424316
7,tetrels,icsd_616156,Ba5 Sn3,-2.8271725,-3.320767875,-3.3313965797424316
8,tetrels,icsd_616156,Ba5 Sn3,-2.8271725,-3.320767875,-3.3313965797424316
9,tetrels,icsd_616156,Ba5 Sn3,-2.8271725,-3.320767875,-3.3313965797424316
0,tetrels,icsd_165630,Ba Mg4 Si3,-3.2923734,-3.320188125,-3.320852756500244
0,tetrels,icsd_025351,Ba2 Ge,-2.800534,-3.3106995,-3.3148038387298584
1,tetrels,icsd_025351,Ba2 Ge,-2.800534,-3.3106995,-3.3148038387298584
2,tetrels,icsd_025351,Ba2 Ge,-2.800534,-3.3106995,-3.3148038387298584
3,tetrels,icsd_025351,Ba2 Ge,-2.800534,-3.3106995,-3.3148038387298584
4,tetrels,icsd_025351,Ba2 Ge,-2.675843,-3.3106995,-3.3148038387298584
5,tetrels,icsd_025351,Ba2 Ge,-2.675843,-3.3106995,-3.3148038387298584
6,tetrels,icsd_025351,Ba2 Ge,-2.675843,-3.3106995,-3.3148038387298584
7,tetrels,icsd_025351,Ba2 Ge,-2.675843,-3.3106995,-3.3148038387298584
0,tetrels,icsd_416338,Al5 Ba5 Sn,-2.8169994,-3.2883720000000003,-3.3016386032104488
1,tetrels,icsd_416338,Al5 Ba5 Sn,-2.817,-3.2883720000000003,-3.3016386032104488
2,tetrels,icsd_416338,Al5 Ba5 Sn,-2.9037924,-3.2883720000000003,-3.3016386032104488
3,tetrels,icsd_416338,Al5 Ba5 Sn,-2.9037924,-3.2883720000000003,-3.3016386032104488
4,tetrels,icsd_416338,Al5 Ba5 Sn,-2.6353736,-3.2883720000000003,-3.3016386032104488
0,tetrels,icsd_410451,Ba5 Mg18 Si13,-3.2653944,-3.27877347222,-3.2793660163879395
1,tetrels,icsd_410451,Ba5 Mg18 Si13,-3.2653942,-3.27877347222,-3.2793660163879395
2,tetrels,icsd_410451,Ba5 Mg18 Si13,-3.288703,-3.27877347222,-3.2793660163879395
3,tetrels,icsd_410451,Ba5 Mg18 Si13,-3.2887025000000003,-3.27877347222,-3.2793660163879395
4,tetrels,icsd_410451,Ba5 Mg18 Si13,-3.2887025000000003,-3.27877347222,-3.2793660163879395
0,tetrels,icsd_042890,Ba Li Si,-2.9889274,-3.2323973333300002,-3.255519151687622
0,tetrels,icsd_042460,Ba Ge Mg,-3.0221305,-3.22780516667,-3.226903915405273
1,tetrels,icsd_042460,Ba Ge Mg,-3.0221305,-3.22780516667,-3.226903915405273
0,tetrels,icsd_058679,Ba2 Sn,-2.7235887,-3.22052725,-3.223978281021118
1,tetrels,icsd_058679,Ba2 Sn,-2.7235887,-3.22052725,-3.223978281021118
2,tetrels,icsd_058679,Ba2 Sn,-2.7235885,-3.22052725,-3.223978281021118
3,tetrels,icsd_058679,Ba2 Sn,-2.7235887,-3.22052725,-3.223978281021118
4,tetrels,icsd_058679,Ba2 Sn,-2.7581558,-3.22052725,-3.223978281021118
5,tetrels,icsd_058679,Ba2 Sn,-2.758156,-3.22052725,-3.223978281021118
6,tetrels,icsd_058679,Ba2 Sn,-2.758156,-3.22052725,-3.223978281021118
7,tetrels,icsd_058679,Ba2 Sn,-2.758156,-3.22052725,-3.223978281021118
0,tetrels,icsd_412883,Ba Cu9 Si4,-3.307417,-3.15924592857,-3.1656172275543213
1,tetrels,icsd_412883,Ba Cu9 Si4,-3.3074167,-3.15924592857,-3.1656172275543213
0,tetrels,icsd_165631,Ba Ge3 Mg4,-3.432225,-3.141351125,-3.143322467803955
0,tetrels,icsd_409575,Ba Li2 Mg2 Si2,-3.2789416,-3.11608328571,-3.1118409633636475
0,tetrels,icsd_416340,Ba5 Ga5 Sn,-3.001213,-3.10379027273,-3.127503156661988
1,tetrels,icsd_416340,Ba5 Ga5 Sn,-3.0012133,-3.10379027273,-3.127503156661988
2,tetrels,icsd_416340,Ba5 Ga5 Sn,-2.9671912,-3.10379027273,-3.127503156661988
3,tetrels,icsd_416340,Ba5 Ga5 Sn,-2.9671917000000003,-3.10379027273,-3.127503156661988
4,tetrels,icsd_416340,Ba5 Ga5 Sn,-2.6887786,-3.10379027273,-3.127503156661988
0,tetrels,icsd_041915,Ba Mg2 Sn2,-3.4692190000000003,-3.0898299,-3.0879931449890137
1,tetrels,icsd_041915,Ba Mg2 Sn2,-3.4692187000000003,-3.0898299,-3.0879931449890137
2,tetrels,icsd_041915,Ba Mg2 Sn2,-3.46228,-3.0898299,-3.0879931449890137
3,tetrels,icsd_041915,Ba Mg2 Sn2,-3.46228,-3.0898299,-3.0879931449890137
0,tetrels,icsd_106310,Ba Ge Zn,-3.3820326,-3.07991933333,-3.087299346923828
1,tetrels,icsd_106310,Ba Ge Zn,-3.3820326,-3.07991933333,-3.087299346923828
0,tetrels,icsd_409576,Ba Ge2 Li2 Mg2,-3.3598123,-3.0074669999999997,-3.0057144165039062
0,tetrels,icsd_174263,Ba Cd2 Ge2,-3.5394552000000004,-2.958389,-2.953155040740967
0,tetrels,icsd_106305,Ba Cd Ge,-3.4243197,-2.944127,-2.9415464401245117
1,tetrels,icsd_106305,Ba Cd Ge,-3.4243197,-2.944127,-2.9415464401245117
0,tetrels,icsd_412885,Ba Cu9 Ge4,-3.619619,-2.91106392857,-2.9125540256500244
1,tetrels,icsd_412885,Ba Cu9 Ge4,-3.619619,-2.91106392857,-2.9125540256500244
0,tetrels,icsd_025339,Ba Sn2 Zn2,-3.5311084000000004,-2.9107418999999997,-2.912685871124268
1,tetrels,icsd_025339,Ba Sn2 Zn2,-3.5311084000000004,-2.9107418999999997,-2.912685871124268
0,tetrels,icsd_106317,Ba Sn Zn,-3.4243762,-2.90907766667,-2.9135525226593018
1,tetrels,icsd_106317,Ba Sn Zn,-3.4243762,-2.90907766667,-2.9135525226593018
2,tetrels,icsd_025318,Ag2 Ba Ge2,-3.575635,-2.822912,-2.8233113288879395
0,tetrels,icsd_182106,Ba Cu9 Sn4,-3.757933,-2.7346565,-2.734004259109497
1,tetrels,icsd_182106,Ba Cu9 Sn4,-3.757932700000001,-2.7346565,-2.734004259109497
2,tetrels,icsd_025332,Ag2 Ba Sn2,-3.6419523,-2.6481076,-2.653581142425537
0,tetrels,icsd_615965,Ba Mg Sn,-2.8300536,-2.5419581666699997,-2.556870937347412
1,tetrels,icsd_615965,Ba Mg Sn,-2.8300536,-2.5419581666699997,-2.556870937347412
0,tetrels,icsd_058666,Ba2Pb1,-2.7175162,-3.05214746917,-3.0674545764923096
1,tetrels,icsd_058666,Ba2Pb1,-2.7175162,-3.05214746917,-3.0674545764923096
2,tetrels,icsd_058666,Ba2Pb1,-2.717516,-3.05214746917,-3.0674545764923096
3,tetrels,icsd_058666,Ba2Pb1,-2.717516,-3.05214746917,-3.0674545764923096
4,tetrels,icsd_058666,Ba2Pb1,-2.6722012000000004,-3.05214746917,-3.0674545764923096
5,tetrels,icsd_058666,Ba2Pb1,-2.6722012000000004,-3.05214746917,-3.0674545764923096
6,tetrels,icsd_058666,Ba2Pb1,-2.6722012000000004,-3.05214746917,-3.0674545764923096
7,tetrels,icsd_058666,Ba2Pb1,-2.6722014,-3.05214746917,-3.0674545764923096
0,tetrels,icsd_168411,C1Ba1Si1,-3.2133967999999995,-5.400664847080001,-5.388473033905028
1,tetrels,icsd_168411,C1Ba1Si1,-3.2133965,-5.400664847080001,-5.388473033905028
2,tetrels,icsd_168411,C1Ba1Si1,-3.2133967999999995,-5.400664847080001,-5.388473033905028
3,tetrels,icsd_168411,C1Ba1Si1,-3.2133967999999995,-5.400664847080001,-5.388473033905028
4,tetrels,icsd_168411,C1Ba1Si1,-3.591343,-5.400664847080001,-5.388473033905028
5,tetrels,icsd_168411,C1Ba1Si1,-3.5913432000000003,-5.400664847080001,-5.388473033905028
6,tetrels,icsd_168411,C1Ba1Si1,-3.5913432000000003,-5.400664847080001,-5.388473033905028
7,tetrels,icsd_168411,C1Ba1Si1,-3.5913432000000003,-5.400664847080001,-5.388473033905028
0,tetrels,icsd_416339,Ba5Ga5Pb1,-2.9981124,-3.05918554182,-3.0854673385620117
1,tetrels,icsd_416339,Ba5Ga5Pb1,-2.9946485000000003,-3.05918554182,-3.0854673385620117
2,tetrels,icsd_416339,Ba5Ga5Pb1,-2.9409080000000003,-3.05918554182,-3.0854673385620117
3,tetrels,icsd_416339,Ba5Ga5Pb1,-2.8671966,-3.05918554182,-3.0854673385620117
4,tetrels,icsd_416339,Ba5Ga5Pb1,-2.7008193,-3.05918554182,-3.0854673385620117
0,tetrels,icsd_249515,Ba2Ca2Sn6,-3.4258617999999994,-3.7915763695,-3.798935651779175
1,tetrels,icsd_249515,Ba2Ca2Sn6,-3.4258623,-3.7915763695,-3.798935651779175
2,tetrels,icsd_249515,Ba2Ca2Sn6,-3.4258623,-3.7915763695,-3.798935651779175
3,tetrels,icsd_249515,Ba2Ca2Sn6,-3.4258623,-3.7915763695,-3.798935651779175
4,tetrels,icsd_249515,Ba2Ca2Sn6,-3.4570181000000004,-3.7915763695,-3.798935651779175
5,tetrels,icsd_249515,Ba2Ca2Sn6,-3.4570184,-3.7915763695,-3.798935651779175
6,tetrels,icsd_249515,Ba2Ca2Sn6,-3.4570181000000004,-3.7915763695,-3.798935651779175
7,tetrels,icsd_249515,Ba2Ca2Sn6,-3.4570181000000004,-3.7915763695,-3.798935651779175
0,tetrels,icsd_025338,Ba1Mg2Pb2,-3.3827608,-2.863890282,-2.8671317100524902
1,tetrels,icsd_025338,Ba1Mg2Pb2,-3.3827608,-2.863890282,-2.8671317100524902
0,tetrels,icsd_419973,Ba1Pb3,-3.4620934,-3.65679246833,-3.666494369506837
1,tetrels,icsd_419973,Ba1Pb3,-3.4674683,-3.65679246833,-3.666494369506837
2,tetrels,icsd_419973,Ba1Pb3,-3.4674683,-3.65679246833,-3.666494369506837
0,tetrels,icsd_165184,Ba3Pb5,-3.2129135,-3.55268296813,-3.560838222503662
1,tetrels,icsd_165184,Ba3Pb5,-3.212914,-3.55268296813,-3.560838222503662
2,tetrels,icsd_165184,Ba3Pb5,-3.2632902,-3.55268296813,-3.560838222503662
3,tetrels,icsd_165184,Ba3Pb5,-3.2632902,-3.55268296813,-3.560838222503662
4,tetrels,icsd_165184,Ba3Pb5,-3.2632904,-3.55268296813,-3.560838222503662
5,tetrels,icsd_165184,Ba3Pb5,-3.2632902,-3.55268296813,-3.560838222503662
0,tetrels,icsd_416337,Al5Ba5Pb1,-2.8045812000000003,-3.24536608182,-3.259589433670044
1,tetrels,icsd_416337,Al5Ba5Pb1,-2.8045812000000003,-3.24536608182,-3.259589433670044
2,tetrels,icsd_416337,Al5Ba5Pb1,-2.8808055,-3.24536608182,-3.259589433670044
3,tetrels,icsd_416337,Al5Ba5Pb1,-2.8808053,-3.24536608182,-3.259589433670044
4,tetrels,icsd_416337,Al5Ba5Pb1,-2.6478207,-3.24536608182,-3.259589433670044
0,tetrels,icsd_616019,Ba1Pb1,-3.1082168,-3.4023994425,-3.420315742492676
1,tetrels,icsd_616019,Ba1Pb1,-3.1082168,-3.4023994425,-3.420315742492676
0,tetrels,icsd_088102,C2Ba1,-4.1254573,-6.672881665,-6.679685115814209
1,tetrels,icsd_088102,C2Ba1,-4.1254573,-6.672881665,-6.679685115814209
0,tetrels,icsd_186576,C2Ba1,-4.1083703,-6.57956735,-6.56883430480957
0,tetrels,icsd_056160,C2Ba1,-4.007114,-6.658722513330001,-6.649735927581787
0,tetrels,icsd_106315,Ba1Pb1Zn1,-3.3337543,-2.697535715,-2.706286668777466
1,tetrels,icsd_106315,Ba1Pb1Zn1,-3.3337543,-2.697535715,-2.706286668777466
0,tetrels,icsd_058668,Ba5Pb3,-2.8413064,-3.13336372375,-3.1534013748168945
1,tetrels,icsd_058668,Ba5Pb3,-2.8413067,-3.13336372375,-3.1534013748168945
2,tetrels,icsd_058668,Ba5Pb3,-2.7346628,-3.13336372375,-3.1534013748168945
3,tetrels,icsd_058668,Ba5Pb3,-2.7346625,-3.13336372375,-3.1534013748168945
4,tetrels,icsd_058668,Ba5Pb3,-2.7346625,-3.13336372375,-3.1534013748168945
5,tetrels,icsd_058668,Ba5Pb3,-2.7346625,-3.13336372375,-3.1534013748168945
6,tetrels,icsd_058668,Ba5Pb3,-2.7346628,-3.13336372375,-3.1534013748168945
7,tetrels,icsd_058668,Ba5Pb3,-2.7346625,-3.13336372375,-3.1534013748168945
8,tetrels,icsd_058668,Ba5Pb3,-2.7346628,-3.13336372375,-3.1534013748168945
9,tetrels,icsd_058668,Ba5Pb3,-2.7346625,-3.13336372375,-3.1534013748168945
0,tetrels,icsd_615958,Ba1Mg1Pb1,-2.752136,-2.39872605667,-2.4180355072021484
1,tetrels,icsd_615958,Ba1Mg1Pb1,-2.752136,-2.39872605667,-2.4180355072021484
1,tetrels,icsd_238018,Au1Ba1Sn3,-3.6258187,-3.610699722,-3.6109702587127686
0,tetrels,icsd_238025,Au2Ba1Sn2,-4.0167975,-3.2680497560000004,-3.2731852531433105
1,tetrels,icsd_238025,Au2Ba1Sn2,-4.0167975,-3.2680497560000004,-3.2731852531433105
